{
	"cards": [
		{
			"emojiId": 2,
			"emoji": "😂",
			"isDisconvered": false,
			"isSelected": false
		},
		{
			"emojiId": 5,
			"emoji": "🤢",
			"isDisconvered": false,
			"isSelected": false
		},
		{
			"emojiId": 7,
			"emoji": "🤡",
			"isDisconvered": false,
			"isSelected": false
		},
		{
			"emojiId": 3,
			"emoji": "😡",
			"isDisconvered": false,
			"isSelected": false
		},
		{
			"emojiId": 4,
			"emoji": "🥶",
			"isDisconvered": false,
			"isSelected": false
		},
		{
			"emojiId": 5,
			"emoji": "🤢",
			"isDisconvered": false,
			"isSelected": false
		},
		{
			"emojiId": 1,
			"emoji": "😀",
			"isDisconvered": false,
			"isSelected": false
		},
		{
			"emojiId": 6,
			"emoji": "👿",
			"isDisconvered": false,
			"isSelected": false
		},
		{
			"emojiId": 9,
			"emoji": "💩",
			"isDisconvered": false,
			"isSelected": false
		},
		{
			"emojiId": 3,
			"emoji": "😡",
			"isDisconvered": false,
			"isSelected": false
		},
		{
			"emojiId": 2,
			"emoji": "😂",
			"isDisconvered": false,
			"isSelected": false
		},
		{
			"emojiId": 8,
			"emoji": "🤖",
			"isDisconvered": false,
			"isSelected": false
		},
		{
			"emojiId": 4,
			"emoji": "🥶",
			"isDisconvered": false,
			"isSelected": false
		},
		{
			"emojiId": 1,
			"emoji": "😀",
			"isDisconvered": false,
			"isSelected": false
		},
		{
			"emojiId": 6,
			"emoji": "👿",
			"isDisconvered": false,
			"isSelected": false
		},
		{
			"emojiId": 7,
			"emoji": "🤡",
			"isDisconvered": false,
			"isSelected": false
		},
		{
			"emojiId": 8,
			"emoji": "🤖",
			"isDisconvered": false,
			"isSelected": false
		},
		{
			"emojiId": 9,
			"emoji": "💩",
			"isDisconvered": false,
			"isSelected": false
		}
	]
}